{
  "selected_features": [
    "low",
    "on_balance_volume",
    "volume_sma_50",
    "bb_width",
    "price_volatility",
    "macd_signal",
    "volume_volatility",
    "price_range",
    "lower_shadow",
    "body_size",
    "volume",
    "lag_volume_2",
    "lag_volume_3",
    "macd_histogram",
    "lag_volume_1",
    "lag_volume_7",
    "lag_volume_9",
    "lag_volume_6",
    "lag_volume_4",
    "lag_volume_10"
  ],
  "target_features": 20,
  "correlation_threshold": 0.9,
  "feature_importance_scores": {
    "low": 1.811443589771206,
    "on_balance_volume": 0.7068623791900533,
    "volume_sma_50": 0.5669747254455525,
    "bb_width": 0.5505744770273419,
    "price_volatility": 0.468412133118883,
    "macd_signal": 0.44857997416514883,
    "volume_volatility": 0.3906804491523917,
    "price_range": 0.2751537269257688,
    "lower_shadow": 0.2290965613793301,
    "body_size": 0.22441762338885282,
    "volume": 0.2039060600408523,
    "lag_volume_2": 0.20237780834006328,
    "lag_volume_3": 0.19945010268724006,
    "macd_histogram": 0.19775264082303698,
    "lag_volume_1": 0.19423005909767319,
    "lag_volume_7": 0.192198891160705,
    "lag_volume_9": 0.19070022668328046,
    "lag_volume_6": 0.1882704197731405,
    "lag_volume_4": 0.18660757806103653,
    "lag_volume_10": 0.18640055256809082,
    "lag_volume_8": 0.18091502862725997,
    "lag_volume_5": 0.17554644720383847,
    "roc_14": 0.14300555197851533,
    "price_above_sma_50": 0.11930774620968071,
    "momentum_10": 0.10695282093104495,
    "sma_20_above_50": 0.10288263189256354,
    "volume_price_trend": 0.06443976495151373,
    "bb_position": 0.059439786571413446,
    "momentum_5": 0.0571245937880863,
    "price_above_sma_20": 0.05042256041646125,
    "open_close_ratio": 0.027247024414039922,
    "volume_to_sma_volume": 0.014145574711418864,
    "hammer": 0.0034476354550812462,
    "doji": 0.0009441491299729517
  }
}